{
  "scaler": "MinMaxScaler",
  "window": 14,
  "pipelines": [
    "ensemble_gru_lstm_gbrt"
  ],
  "timestamp": "2026-03-09T22:38:15.978764",
  "pipeline_a": {
    "sazonal_lag12_GRU": {
      "R2": 0.48616712774655624,
      "MAPE_%": 10.047105189506347,
      "RMSE": 10254.377333633656
    },
    "sazonal_lag12_LSTM": {
      "R2": 0.49368451247213097,
      "MAPE_%": 10.03533836323484,
      "RMSE": 10179.09008756549
    },
    "sazonal_lag12_Ensemble": {
      "R2": 0.5524011799616734,
      "MAPE_%": 9.633462775460103,
      "RMSE": 9570.680502424042
    },
    "log_retorno_GRU": {
      "R2": 0.4480964580163409,
      "MAPE_%": 11.01710575133082,
      "RMSE": 10627.471343631365
    },
    "log_retorno_LSTM": {
      "R2": 0.35701599450998545,
      "MAPE_%": 11.464064236394163,
      "RMSE": 11470.924910549547
    },
    "log_retorno_Ensemble": {
      "R2": 0.49727533804312385,
      "MAPE_%": 9.272064343701828,
      "RMSE": 10142.930445129956
    },
    "retorno_pct_GRU": {
      "R2": 0.4574042871872558,
      "MAPE_%": 11.597991433229286,
      "RMSE": 10537.474360942248
    },
    "retorno_pct_LSTM": {
      "R2": 0.3493472009991583,
      "MAPE_%": 11.82718357424169,
      "RMSE": 11539.12832616592
    },
    "retorno_pct_Ensemble": {
      "R2": 0.5126084195381768,
      "MAPE_%": 9.598944964495656,
      "RMSE": 9987.053198531796
    }
  }
}